-- restaurant table 초기데이터  restaurant(resID:varchar(20), resPW:varchar(1000), resName:varchar(20), resAddress:varchar(50), resNumber:varchar(14), deliveryPrice:int, reviewCnt:int, gradeAvg:smallint)

insert into restaurant values('r00001', 'dmdrmqtlf', '응급실 국물떡볶이', '분식', '경기도 안산시 본오동 889-9 101호', '031-415-1117', 3000, 92, 4.9);
insert into restaurant values('r00002', 'bonobono', '커피쿡', '프랜차이즈', '경기도 안산시 본오동 948-20 103호', '031-406-0625', 2000, 116, 4.8);
insert into restaurant values('r00003', 'ummchicken', '투존치킨', '치킨', '경기도 안산시 사동 1284-10', '031-406-9977', 4000, 267, 4.8);
insert into restaurant values('r00004', 'jokbaljjang123', '가장맛있는족발', '족발', '경기도 안산시 본오동 871-10 101호', '031-408-5849', 3000, 982, 4.9);
insert into restaurant values('bbqbp', 'bbq1234', '비비큐 반포중앙점', '치킨', '서울 서초구 잠원동 73 121호', '050352593180', 2000, 1388, 4.6);
insert into restaurant values('burgerking111', 'bk1111', '버거킹 방배카페골목', '프랜차이즈', '서울 서초구 방배동 755-4 지하1층', '02-599-9940', 0, 577, 4.6);
insert into restaurant values('EggdropYT', 'Egg123', '에그드랍 영통구청점', '프랜차이즈', '경기도 수원시 영통구 매탄동 1276 1층', '031-217-6293', 2000, 274, 4.9);
insert into restaurant values('ngnhd', 'pw5678', '누구나홀딱반한닭 화곡점', '치킨', '서울 강서구 화곡동 372-10 1층', '050718661396', 2500, 72, 4.9);
insert into restaurant values('jjolsam', 'js1111', '쫄면주는삼겹본능 신정점', '한식', '서울 양천구 신정동 969-12 1층 일부', '050718606450', 2000, 2072, 4.8);
insert into restaurant values('honbab', 'hb7777', '1인도시락혼밥대왕 화곡점', '1인분', '서울 강서구 화곡동 24-90 2층 1호', '050718656245', 4000, 641, 4.7);
insert into restaurant values('chefly', 'chefly', '셰플리', '한식', '서울 서초구 서초동 1569-2 다원빌딩 1층', '02-1234-5678', 2900, 8241, 4.6);
insert into restaurant values('pizzahut', 'pizzahut1234', '피자헛-방배2호점', '양식', '서울 서초구 방배동 851-6 태창빌딩 1층', '050-7778-1840', 0, 298, 4.5);
insert into restaurant values('wanggeumseong', 'wang1111', '왕금성', '중식', '서울 서초구 반포동 1048 구반포상가 J동11,12', '02-599-1193', 2900, 105, 4.6);
insert into restaurant values('saengsaeng', 'saeng2', '생생돈까스-사당방배점', '일식/돈까스', '서울 동작구 사당동 154-9 리우드가구 102호', '02-6407-2400', 2000, 811, 4.6);
insert into restaurant values('bhc', 'bhc000', 'BHC-이수점', '치킨', '서울 서초구 방배동 3001-2 방대디오슈페리움1104', '0507-1388-8294', 3000, 1079, 4.7);
insert into restaurant values('onegrandma', 'grandma', '원할머니보쌈-흑석점', '족발/보쌈', '서울 동작구 흑석동 9-89', '0503-5256-9561', 3000, 903, 4.6);
insert into restaurant values('omsb', 'omsb', '오an스B', '분식', '서울 서초구 반포동 978 구반포상가 L동 1층5호', '02-591-1252', 2900, 38, 4.9);
insert into restaurant values('kfc', 'kfckfc', 'KFC-강남고속터미널점', '프렌차이즈', '서울 서초구 잠원동 69-2 반포쇼핑타운', '0507-1292-1918', 0, 569, 4.4);
insert into restaurant values('bback', 'bback', '빽다방-총신대입구역점', '1인분', '서울 서초구 방배동 1778 1층', '02-1234-5678', 2300, 33, 4.8);
insert into restaurant values('jjugadaepyo', 'jju223', '쭈가대표', '한식', '안산시 상록구 이동 715-5 대성프라자 107호', '031-455-7529', 2000, 32, 4.9);
insert into restaurant values('iampasta', 'pastata', '파스타입니다 상록수점', '양식', '안산시 상록구 본오동 872', '031-477-1516', 2000, 181, 4.9);
insert into restaurant values('zzamponghappy', 'zxcvzxcv', '행복짬뽕', '중식', '안산시 상록구 본오동 770-4 1층', '031-246-5485', 1000, 335, 4.8);
insert into restaurant values('ddochobab', 'sushichobab', '또초밥', '일식', '안산시 상록구 본오동 871 신안코아', '031-300-8299', 2000, 55, 5.0);
insert into restaurant values('sujundalra', 'tnwnszz', '수준이다른치킨 안산센터점', '치킨', '안산시 상록구 이동 586-4', '031-601-7456', 1000, 1907, 5.0);
insert into restaurant values('zokbalkingking', 'dhkdwhrqkf', '소문난 장충동왕족발', '족발', '안산시 단원구 고잔동 542-3', '031-350-0220', 1000, 2822, 5.0);
insert into restaurant values('momshand', 'daakths', '정성을 담은 엄마손김밥', '분식', '안산시 상록구 이동 595-1', '031-543-0948', 3000, 337, 4.9);
insert into restaurant values('planb', 'mealplan', '밀플랜비 중앙역점', '프랜차이즈', '안산시 단원구 고잔동 541', '031-219-0241', 1500, 776, 4.9);
insert into restaurant values('gamzatangtang', 'whdfh', '종로해장국감자탕', '1인분', '안산시 상록구 이동 574-5', '031-414-0915', 2000, 1023, 4.8);
insert into restaurant values('bau', 'bau1234', '바우네 나주곰탕', '한식', '수원시 권선구 권선동 1293-10 101호', '031-223-7888', 1000, 146, 4.8);
insert into restaurant values('simsteak', 'steak1234', '심야스테이크', '양식', '수원시 영통구 매탄동 1233-2 1층 104호', '031-212-5771', 1000, 222, 4.9);
insert into restaurant values('jjambbong', 'jjam1234', '황가네짬뽕', '중식', '수원시 영통구 매탄동 1276 1층 108호', '031-212-0400', 1000, 48, 4.8);
insert into restaurant values('porkcutlet', 'pork1234', '최고당돈가스', '일식', '수원시 팔달구 인계동 1122 101호', '031-224-7626', 3000, 1343, 4.9);
insert into restaurant values('chiken60', 'chi1234', '60계치킨', '치킨', '수원시 영통구 매탄동 153-70 106호', '031-212-2600', 2000, 647, 4.9);
insert into restaurant values('pighock', 'pig1234', '족발야시장', '족발', '수원시 영통구 매탄동 1262-2 101호', '031-223-4969', 2000, 371, 4.9);
insert into restaurant values('ricecake', 'rice1234', '춘자네떡볶이', '양식', '수원시 영통구 매탄동 923-29 1층', '031-214-0507', 1900, 222, 5.0);
insert into restaurant values('juncafe', 'cafe1234', '준다방', '프랜차이즈', '수원시 팔달구 우만동 575-1 1층 104호', '070-4289-9998', 500, 141, 4.6);
insert into restaurant values('ricethief', 'thief1234', '밥도둑한끼뚝딱', '1인분', '수원시 권선구 권선동 1038-10 2층 1-5호', '031-222-0666', 4000, 356, 4.9);
insert into restaurant values('ggdkorean', 'ggdkorean', '거금도한식전문점', '한식', '서울 강서구 화곡동 795-3 1층', null, 1400, 263, 4.7);
insert into restaurant values('rolland', 'rolland', '롤앤스파게티-화곡점', '양식', '서울 강서구 화곡동 903-1 1층', '050352569671', 1000, 2270, 4.3);
insert into restaurant values('manlee', 'manlee', '24시만리장성', '중식', '서울 양천구 신월동 236-12 1층', '050352569908', 0, 9019, 4.2);
insert into restaurant values('goodsusi', 'goodsusi', '올바른스시-강서양천점', '일식', '서울 강서구 화곡동 1050-33 1층', '050712987119', 2500, 1102, 4.8);
insert into restaurant values('puradakk', 'puradakk', '푸라닭-신월점', '치킨', '서울 양천구 신월동 439-16 1층', '050352944483', 2000, 99, 4.9);
insert into restaurant values('kaachisanjokbal', 'kaachisanjokbal', '까치산족발', '족발', '서울 강서구 화곡동 341-59 1층', '050712908586', 1000, 3873, 4.8);
insert into restaurant values('guljak', 'guljak', '걸작떡볶이치킨-서울신월점', '분식', '서울 양천구 신월동 439-17 1층 102호', '050352944521', 2000, 571, 4.9);
insert into restaurant values('theventikkachisan', 'theventikkachisan', '더벤티-까치산역점', '프랜차이즈', '서울 강서구 화곡동 341-65 화곡판타지아 1층', '050352856065', 3000, 1804, 4.9);
insert into restaurant values('babthief', 'babthief', '밥도둑한끼뚝딱-덮밥전문점', '1인분', '서울 강서구 화곡동 24-90 201호', '050718659500', 3500, 1001, 4.8);


-- food table 초기데이터 food(resID(FK), foodID:varchar(20), foodName:varchar(20), foodCategory:varchar(10), foodPrice:int, cookMinute:int) 

insert into food values('r00001', 'f00001', '응급실 국물떡볶이', 14000,15);
insert into food values('r00001', 'f00002', '날치알 주먹밥', 3000, 10);
insert into food values('r00001', 'f00003', '응급실 불꽃닭발', 16000, 20);
insert into food values('r00001', 'f00004', '응급실 로제떡볶이', 9000, 15);
insert into food values('r00001', 'f00005', '응급실 국물오뎅', 14000, 10);
insert into food values('r00001', 'f00006', '응급실 닭볶음탕', 22000, 40);
insert into food values('r00001', 'f00007', '응급실 맵블라떡볶이', 14000, 20);

insert into food values('r00002', 'f00011', '슈크로베리', 5500, 10);
insert into food values('r00002', 'f00012', '듀엣베리 쉐이크', 5500, 10);
insert into food values('r00002', 'f00013', '커피쿡 아이스 아메리카노', 3000, 4);
insert into food values('r00002', 'f00014', '아이스 카페라떼', 3500, 8);
insert into food values('r00002', 'f00015', '핫 단호박 크림 라뗴', 3500, 10);
insert into food values('r00002', 'f00016', '플레인요거트', 4000, 10);
insert into food values('r00002', 'f00017', '자몽에이드', 4500, 5);
insert into food values('r00002', 'f00018', '한라봉에이드', 4500, 5);

insert into food values('r00003', 'f00021', '중화치킨대첩', 22900, 20);
insert into food values('r00003', 'f00022', '한마리반반반', 18900, 20);
insert into food values('r00003', 'f00023', '순살판타스틱', 21900, 20);
insert into food values('r00003', 'f00024', '앵그리어니언치킨', 18900, 20);
insert into food values('r00003', 'f00025', '어니언파닭', 21900, 20);
insert into food values('r00003', 'f00026', '눈코찡치킨', 21900, 20);
insert into food values('r00003', 'f00027', '미치고팔닭', 25900, 20);
insert into food values('r00003', 'f00028', '후라이드치킨', 17000, 20);

insert into food values('r00004', 'f00031', '보족세트', 38000, 20);
insert into food values('r00004', 'f00032', '오늘삶은 보들보들보쌈', 35000, 15);
insert into food values('r00004', 'f00033', '코끝톡쏘는 냉채족발과 막국수', 35000, 15);
insert into food values('r00004', 'f00034', '반반족발', 36000, 20);
insert into food values('r00004', 'f00035', '불향가득한 직화불족발', 34000, 25);
insert into food values('r00004', 'f00036', '허니마늘족발', 38000, 15);
insert into food values('r00004', 'f00037', '흑마늘족발', 38000, 15);
insert into food values('r00004', 'f00038', '뒷다리족발', 38000, 15);

insert into food values('bbqbp', 'bbqbpf1', '황금올리브', 18000, 30);
insert into food values('bbqbp', 'bbqbpf2', '자메이카통다리구이', 19500, 40);
insert into food values('bbqbp', 'bbqbpf3', '메이플버터갈릭', 13900, 25);

insert into food values('burgerking111', 'burgerking111f1', '스태커3와퍼세트', 13900, 35);
insert into food values('burgerking111', 'burgerking111f2', '기네스머쉬룸와퍼세트', 11100, 30);
insert into food values('burgerking111', 'burgerking111f3', '아빠상어 세우버거 세트', 8100, 30);

insert into food values('EggdropYT', 'EggdropYT1', '미스터에그', 3900, 15);
insert into food values('EggdropYT', 'EggdropYT2', '아메리칸햄치즈', 4400, 15);
insert into food values('EggdropYT', 'EggdropYT3', '베이컨더블치즈', 4700, 15);

insert into food values('ngnhd', 'ngnhdf1', '바베큐쌈닭', 21900, 30);
insert into food values('ngnhd', 'ngnhdf2', '후레쉬쌈닭', 21900, 20);
insert into food values('ngnhd', 'ngnhdf3', '파닥파닭', 20900, 30);

insert into food values('jjolsam', 'jjolsamf1', '구이삼겹 1인', 14000, 30);
insert into food values('jjolsam', 'jjolsamf2', '대창구이삽겹 1인', 20000, 30);
insert into food values('jjolsam', 'jjolsamf3', '김치구이삼겹 1인', 16500, 30);

insert into food values('honbab', 'honbabf1', '제주흑돼지김치찌개 1인', 8500, 20);
insert into food values('honbab', 'honbabf2', '육회비빔밥', 9500, 15);
insert into food values('honbab', 'honbabf3', '돼지불백도시락세트', 16400, 25);

insert into food values('chefly', 'chefly01', '매콤 순살 닭볶음탕', 11000, 40);
insert into food values('chefly', 'chefly02', '대패삼겹덮밥', 11000, 40);
insert into food values('chefly', 'chefly03', '수원왕갈비 치밥', 10000, 35);

insert into food values('pizzahut', 'pizzahut01', '블랙알리오 스테이크 리치골드L', 28720, 30);
insert into food values('pizzahut', 'pizzahut02', '수퍼슈프림L', 19900, 30);
insert into food values('pizzahut', 'pizzahut03', '페페로니M', 14900, 23);

insert into food values('wanggeumseong', 'wanggeumseong01', '탕수육', 20000, 40);
insert into food values('wanggeumseong', 'wanggeumseong02', '짜장', 7500, 24);
insert into food values('wanggeumseong', 'wanggeumseong03', '삼선 꽃게짬뽕', 10500, 30);

insert into food values('saengsaeng', 'saengsaeng01', '프리미엄 생생돈까스', 10500, 30);
insert into food values('saengsaeng', 'saengsaeng02', '모짜렐라치즈돈까스', 11000, 34);
insert into food values('saengsaeng', 'saengsaeng03', '프리미엄 왕새우안심까스', 12000, 37);

insert into food values('bhc', 'bhc01', '뿌링클', 17000, 40);
insert into food values('bhc', 'bhc02', '맛초킹', 17000, 40);
insert into food values('bhc', 'bhc03', '포테킹 후라이드+치즈볼', 23000, 45);

insert into food values('onegrandma', 'onegrandma01', '모둠보쌈', 32000, 40);
insert into food values('onegrandma', 'onegrandma02', '부드러운 족발', 36000, 50);
insert into food values('onegrandma', 'onegrandma03', '맛보쌈', 31000, 40);

insert into food values('omsb', 'omsb01', '달콤떡갈비삼각김밥', 4000, 10);
insert into food values('omsb', 'omsb02', '매콤떡갈비삼각김밥', 4000, 10);
insert into food values('omsb', 'omsb03', '치즈참치날치알삼각김밥', 3800, 10);

insert into food values('kfc', 'kfc01', '징거버거세트', 7900, 20);
insert into food values('kfc', 'kfc02', '블랙라벨치킨8조각', 216000, 35);
insert into food values('kfc', 'kfc03', '나혼자먹는닭팩', 11900, 40);

insert into food values('bback', 'bback01', 'ICED 원조커피', 2500, 5);
insert into food values('bback', 'bback02', 'ICED 빽s라떼', 3000, 7);
insert into food values('bback', 'bback03', 'ICED 완전초코', 3500, 7);

insert into food values('jjugadaepyo', 'jju001', '쭈닭(닭갈비)', 12000, 30);
insert into food values('jjugadaepyo', 'jju002', '쭈삼(삼겹살)', 12000, 30);
insert into food values('jjugadaepyo', 'jju003', '쭈쭈(쭈꾸미만)', 12000, 25);
insert into food values('jjugadaepyo', 'jju004', '물 막국수', 5000, 10);

insert into food values('iampasta', 'pasta1', '나혼자 먹방 세트', 12900, 15);
insert into food values('iampasta', 'pasta2', '매콤크림 파스타', 9500, 10);
insert into food values('iampasta', 'pasta3', '오리지널 쉬림프 알리오올리오 파스타', 9500, 10);
insert into food values('iampasta', 'pasta4', '베이컨 로제 파스타', 9500, 10);
insert into food values('iampasta', 'pasta5', '새우필라프', 9500, 15);

insert into food values('zzamponghappy', 'zzam01', '짜장면', 5000, 10);
insert into food values('zzamponghappy', 'zzam02', '칠리새우', 35000, 20);
insert into food values('zzamponghappy', 'zzam03', '양장피', 30000, 20);
insert into food values('zzamponghappy', 'zzam04', '홍합짬뽕', 7000, 10);
insert into food values('zzamponghappy', 'zzam05', '낙지한마리짬뽕', 9000, 18);

insert into food values('ddochobab', 'cho01', '또초밥세트 10p + 미니우동', 13000, 15);
insert into food values('ddochobab', 'cho02', '또연어세트 10p + 미니우동', 13000, 15);
insert into food values('ddochobab', 'cho03', '또아부리세트 10p + 미니우동', 14000, 15);

insert into food values('sujundalra', 'chick1', '1000g 두가지맛 순살 바베큐', 20900, 30);
insert into food values('sujundalra', 'chick2', '오븐바삭 베이커치킨', 14900, 30);
insert into food values('sujundalra', 'chick3', '데리야끼 베이커치킨', 15900, 30);

insert into food values('zokbalkingking', 'zok1', '직화불족발', 39000, 15);
insert into food values('zokbalkingking', 'zok2', '마늘족발', 39000, 15);
insert into food values('zokbalkingking', 'zok3', '마늘보쌈', 34000, 20);

insert into food values('momshand', 'bunsik1', '쫄면 1인 + 셀프주먹밥', 10000, 20);
insert into food values('momshand', 'bunsik2', '마약 로제 떡볶이 + 치즈토핑', 9000, 20);
insert into food values('momshand', 'bunsik3', '오므라이스 + 왕새우튀김 2p', 11000, 15);

insert into food values('planb', 'plan1', '치킨감자부리또', 5000, 15);
insert into food values('planb', 'plan2', '소시지감자부리또', 5500, 15);
insert into food values('planb', 'plan3', '소고기라이스부리또', 5000, 15);

insert into food values('gamzatangtang', 'gamza1', '뼈해장국 1인', 11000, 15);
insert into food values('gamzatangtang', 'gamza2', '선지해장국 1인', 11000, 15);
insert into food values('gamzatangtang', 'gamza3', '우거지 감자탕', 33000, 15);

insert into food values('bau', 'bau001', '바우네곰탕', 7500, 15);
insert into food values('bau', 'bau002', '얼큰우거지곰탕', 8000, 15);
insert into food values('bau', 'bau003', '도가니탕', 12000, 15);
insert into food values('bau', 'bau004', '특양지곰탕', 11000, 15);

insert into food values('simsteak', 'steak001', '스테이크', 9900, 25);
insert into food values('simsteak', 'steak002', '스테이크덮밥', 12900, 25);
insert into food values('simsteak', 'steak003', '스테이크샐러드', 12900, 25);
insert into food values('simsteak', 'steak004', '찹스테이크', 13900, 25);

insert into food values('jjambbong', 'bbong001', '옛날짬뽕', 8000, 25);
insert into food values('jjambbong', 'bbong002', '짜장면', 6000, 25);
insert into food values('jjambbong', 'bbong003', '옛날짬뽕밥', 8000, 25);
insert into food values('jjambbong', 'bbong004', '등심탕수육', 18000, 30);

insert into food values('porkcutlet', 'pork001', '수제생등심돈가스', 5900, 30);
insert into food values('porkcutlet', 'pork002', '치즈돈가스', 7900, 30);
insert into food values('porkcutlet', 'pork003', '옛날돈가스', 6900, 30);
insert into food values('porkcutlet', 'pork004', '더블돈가스', 9500, 30);

insert into food values('chiken60', 'chi001', '호랑이치킨', 18900, 30);
insert into food values('chiken60', 'chi002', '고추치킨', 18900, 30);
insert into food values('chiken60', 'chi003', '간지치킨', 18900, 30);
insert into food values('chiken60', 'chi004', '후라이드', 16900, 30);

insert into food values('pighock', 'hock001', '족발(소)', 30000, 30);
insert into food values('pighock', 'hock002', '보쌈', 30000, 30);
insert into food values('pighock', 'hock003', '직화불족발', 38000, 30);
insert into food values('pighock', 'hock004', '반반족발', 39000, 30);

insert into food values('ricecake', 'rc001', '춘자네떡볶이', 5500, 10);
insert into food values('ricecake', 'rc002', '어묵탕', 5500, 10);
insert into food values('ricecake', 'rc003', '참치치즈김밥', 4500, 10);
insert into food values('ricecake', 'rc004', '땡초참치김밥', 4500, 10);

insert into food values('juncafe', 'cafe001', '1L보틀 아메리카노', 4000, 15);
insert into food values('juncafe', 'cafe002', '에그타르트', 2200, 10);
insert into food values('juncafe', 'cafe003', '비프칠리핫도그', 4000, 15);
insert into food values('juncafe', 'cafe004', '커피콩빵', 4500, 10);

insert into food values('ricethief', 'rice001', '스팸김치덮밥 도시락', 7900, 20);
insert into food values('ricethief', 'rice002', '스팸에그덮밥 도시락', 7900, 20);
insert into food values('ricethief', 'rice003', '불고기덮밥', 7900, 20);
insert into food values('ricethief', 'rice004', '차돌된장찌개 도시락', 5900, 20);

insert into food values('ggdkorean', 'ggdkorean001', '1인 생선구이 한상 세트', 15900, 30);
insert into food values('ggdkorean', 'ggdkorean002', '갈치조림', 20000, 30);
insert into food values('ggdkorean', 'ggdkorean003', '고등어구이 정식', 9000, 30);
insert into food values('ggdkorean', 'ggdkorean004', '3인 한정식 엄마밥상 세트', 29900, 40);
insert into food values('ggdkorean', 'ggdkorean005', '능성어돔구이 정식', 9000, 30);
insert into food values('ggdkorean', 'ggdkorean006', '고기 듬뿍 김치찌개', 8000, 20);

insert into food values('rolland', 'rolland01', '해물스파게티', 7500, 20);
insert into food values('rolland', 'rolland02', '미트볼스파게티', 7500, 20);
insert into food values('rolland', 'rolland03', '치즈스파게티', 7500, 20);
insert into food values('rolland', 'rolland04', '크림스파게티', 7500, 20);

insert into food values('manlee', 'manlee01', '짜장면', 6000, 20);
insert into food values('manlee', 'manlee02', '짬뽕', 7000, 20);
insert into food values('manlee', 'manlee03', '간짜장', 7000, 20);
insert into food values('manlee', 'manlee04', '탕짜면', 10500, 20);
insert into food values('manlee', 'manlee05', '볶짜면', 9000, 20);
insert into food values('manlee', 'manlee06', '볶짬면', 9000, 20);
insert into food values('manlee', 'manlee07', '짬짜면', 8500, 20);

insert into food values('goodsusi', 'goodsusi01', '올바른회덮밥', 8000, 20);
insert into food values('goodsusi', 'goodsusi02', '올바른초밥10ps', 12000, 20);
insert into food values('goodsusi', 'goodsusi03', '특선초밥12ps', 15000, 20);
insert into food values('goodsusi', 'goodsusi04', '스페셜초밥', 18000, 20);

insert into food values('puradakk', 'puradakk01', '블랙알리오', 17900, 40);
insert into food values('puradakk', 'puradakk02', '푸라닭 치킨', 15900, 40);
insert into food values('puradakk', 'puradakk03', '고추마요 치킨', 17900, 40);
insert into food values('puradakk', 'puradakk04', '블랙투움바', 19900, 40);
insert into food values('puradakk', 'puradakk05', '순살 블랙알리오', 18900, 40);

insert into food values('kaachisanjokbal', 'kaachisanjokbal01', '족발', 27000, 40);
insert into food values('kaachisanjokbal', 'kaachisanjokbal02', '보쌈', 28000, 40);
insert into food values('kaachisanjokbal', 'kaachisanjokbal03', '족보세트', 56000, 40);
insert into food values('kaachisanjokbal', 'kaachisanjokbal04', '불족발', 29000, 40);

insert into food values('guljak', 'guljak01', '국물떡닭세트', 20000, 40);
insert into food values('guljak', 'guljak02', '로제떡닭세트', 22000, 40);
insert into food values('guljak', 'guljak03', '로제떡볶이', 12000, 40);
insert into food values('guljak', 'guljak04', '숯불킹떡닭세트', 23000, 40);
insert into food values('guljak', 'guljak05', '감바스떡볶이', 13000, 40);

insert into food values('theventikkachisan', 'theventi001', '아메리카노', 2300, 5);
insert into food values('theventikkachisan', 'theventi002', '딸기라떼', 4000, 5);
insert into food values('theventikkachisan', 'theventi003', '바닐라라떼', 3800, 5);
insert into food values('theventikkachisan', 'theventi004', '카페라떼', 3500, 5);
insert into food values('theventikkachisan', 'theventi005', '콜드브루 500ml', 9900, 5);
insert into food values('theventikkachisan', 'theventi006', '수박주스', 4800, 5);
insert into food values('theventikkachisan', 'theventi007', '청포도크러쉬', 4800, 5);
insert into food values('theventikkachisan', 'theventi008', '벤타민크러쉬', 4800, 5);
insert into food values('theventikkachisan', 'theventi009', '헤이즐넛라떼', 3800, 5);
insert into food values('theventikkachisan', 'theventi010', '카라멜마끼야또', 3500, 5);
insert into food values('theventikkachisan', 'theventi011', '블루레몬에이드', 4400, 5);
insert into food values('theventikkachisan', 'theventi012', '유자차', 4000, 5);

insert into food values('babthief', 'babthief01', '삼겹&차돌덮밥', 7900, 20);
insert into food values('babthief', 'babthief02', '짜글이김치찌개', 7900, 20);
insert into food values('babthief', 'babthief03', '스팸김치덮밥', 7900, 20);
insert into food values('babthief', 'babthief04', '불고기덮밥', 7900, 20);
insert into food values('babthief', 'babthief05', '참치버터간장계란덮밥', 7900, 20);
insert into food values('babthief', 'babthief06', '간장계란스팸덮밥', 7900, 20);


-- customer table 초기데이터 customer(cusID:varchar(20), cusPW:varchar(1000), cusName:varchar(10), cusAddress:varchar(50), cusNumber:varchar(13))

insert into customer values('sin', '0000', '신동현', '서울시 서초구 신반포로32', '010-8909-5786');
insert into customer values('baesense', '1q2w3e4r!', '배성규', '경기도 안산시 상록구 반석로 44 신안아파트', '010-4099-8259');
insert into customer values('ses0609', 'ses0609', '송은석', '수원시 영통구 효원로363 ', '010-3359-7237');
insert into customer values('psb0320', 'pw1234', '박수빈', '서울시 양천구 신월로 390', '010-4633-0345');


-- demand table 초기데이터 demand(resID, cusID, foodID, orderTime:dateTime, paymentOption:varchar(5), orderCnt:samllint, amount:int, orderStatus:varchar(20), cookStart:dateTime, dc:int, coupon:varchar(10), deliveryOption:varchar(4), deliverMinute:int)

insert into demand values('r00002', 'baesense', 'f00014', '2021-04-24 18:39:20', '선결제', 1, 4000, '배달완료', '2021-04-24 18:46:59', NULL, NULL, '픽업', 20);
insert into demand values('r00004', 'baesense', 'f00036', '2021-03-26 12:00:02', '선결제', 1, 38000, '배달완료', '2021-03-26 12:20:44', NULL, NULL, '배달', 10);
insert into demand values('bbqbp', 'sin', 'bbqbpf3', '2021-03-08 20:40:32', '선결제', 1, 18000, '배달완료', '2021-03-08 20:46:00', 1000, '요기패밀리', '배달', 20);
insert into demand values('burgerking111', 'sin', 'burgerking111f3', '2021-04-18 12:20:02', '현장결제', 2, 27800, '배달완료', '2021-04-18 12:21:02', NULL, NULL, '배달', 10);
insert into demand values('EggdropYT', 'ses0609', 'EggdropYT1', '2021-03-27 14:11:00', '선결제', 1, 6400, '배달취소', NULL, NULL, NULL, NULL, NULL);
insert into demand values('EggdropYT', 'ses0609', 'EggdropYT1', '2021-03-27 14:14:00', '선결제', 2, 11100, '배달완료', '2021-04-16 14:44:00', NULL, NULL, '배달', 30);
insert into demand values('ngnhd', 'psb0320', 'ngnhdf1','2021-04-16 19:14:36', '선결제', 1, 24400, '배달완료', '2021-04-16 19:15:00', NULL, NULL, '배달', 30);
insert into demand values('jjolsam', 'psb0320', 'jjolsamf2','2020-11-28 17:35:12', '선결제', 1, 18000, '배달완료', '2020-11-28 17:36:00', 2000, NULL, '배달', 20);
insert into demand values('honbab', 'psb0320','honbabf3', '2020-05-14 10:31:05', '현장결제', 1, 20400, '배달완료', '2020-05-14 10:32:00', NULL, NULL, '배달', 30);

-- review table 초기데이터 review(resID, cusID, foodID, orderTime, reviewTime:dateTime, review:varchar(100), grade:samllint)

insert into review values('r00002', 'baesense', 'f00014', '2021-04-24 18:39:20', '2021-04-24 21:30:30', '사막에서 길가다 오아시스의 맛을 봤었다면 마치 이거 같았을겁니다 ㅠㅠb', 5); 
insert into review values('r00004', 'baesense', 'f00036', '2021-03-26 12:00:02', '2021-03-27 00:12:38', '족발땡겨서 시켜먹었는데 여기만한 곳은 지구를 뒤져봐도 없을겁니다~',4);
insert into review values('burgerking111', 'sin', 'burgerking111f3', '2021-04-18 12:20:02', '2021-04-18 14:00:02', '패티가 맛있네요',5);
insert into review values('EggdropYT', 'ses0609', 'EggdropYT1', '2021-03-27 14:14:00', '2021-04-16 14:57:31', '맛있게 잘 먹었습니다~!', 5);
insert into review values( 'honbab', 'psb0320','honbabf3', '2020-05-14 10:31:05', '2020-05-14 19:35:00', '믿고 먹습니다! 삼겹살, 떡, 쫄면 김치찌개에 서비스까지 다 맛있어요!', 5);
insert into review values( 'jjolsam', 'psb0320', 'jjolsamf2', '2020-11-28 17:35:12', '2020-11-28 19:35:00', '믿고 먹습니다! 삼겹살, 떡, 쫄면 김치찌개에 서비스까지 다 맛있어요!', 5);

-- cancel table 초기데이터 cancel(resID, cusID, foodID, orderTime, paymentOption:varchar(5), orderCnt:samllint, amount:int, orderStatus:varchar(20), cookStart:dateTime, dc:int, coupon:varchar(10), deliveryOption:varchar(4), deliverMinute:int, cancelTime:dateTime, reason:varchar(100))

insert into cancel values('EggdropYT', 'ses0609', 'EggdropYT1',  '2021-03-27 14:11:00', '선결제', 1, 6400, '배달취소', NULL, NULL, NULL, NULL, NULL, '2021-03-27 14:12:30', '덜 시켰네요');
